,category
/Internet & Telecom/Web Services/Web Design & Development,1043
/Business & Industrial,992
/People & Society/Religion & Belief,666
/Internet & Telecom,590
/News,575
/Online Communities,570
/Adult,529
/Arts & Entertainment,485
/Hobbies & Leisure/Special Occasions,480
/Business & Industrial/Business Services,418
/Hobbies & Leisure,418
/Shopping,396
/Shopping/Apparel,389
/Books & Literature,359
/Autos & Vehicles/Vehicle Parts & Services/Vehicle Parts & Accessories,337
/Health,319
/Sensitive Subjects,305
/Travel,305
/People & Society,301
/Jobs & Education/Education/Colleges & Universities,291
/Shopping/Apparel/Clothing Accessories,277
/Computers & Electronics,253
/Arts & Entertainment/Music & Audio,246
/Jobs & Education/Education,243
/Online Communities/Blogging Resources & Services,241
/Internet & Telecom/Web Services,226
/Food & Drink/Cooking & Recipes,224
/Computers & Electronics/Consumer Electronics,213
/Shopping/Classifieds,212
/Business & Industrial/Construction & Maintenance/Building Materials & Supplies,210
/Arts & Entertainment/Movies,207
/Arts & Entertainment/Online Media,200
/Home & Garden,195
/Games/Gambling,174
/Business & Industrial/Business Services/Office Supplies,169
/Shopping/Toys,165
/People & Society/Family & Relationships/Family,158
/Arts & Entertainment/Visual Art & Design,158
/Science,156
/Shopping/Apparel/Footwear,151
/Food & Drink/Beverages/Alcoholic Beverages,146
/Home & Garden/Home Furnishings,145
/Home & Garden/Home Appliances,139
/Business & Industrial/Industrial Materials & Equipment,138
/Computers & Electronics/Computer Hardware,134
/Hobbies & Leisure/Crafts,130
/Games/Computer & Video Games,129
/News/Politics,128
/Sports,127
/Computers & Electronics/Software,125
/Jobs & Education/Jobs/Job Listings,121
/Games,119
/Autos & Vehicles/Motor Vehicles (By Type)/Motorcycles,116
/Arts & Entertainment/Music & Audio/Music Equipment & Technology,116
/Hobbies & Leisure/Outdoors,115
/Food & Drink,113
/Home & Garden/Gardening & Landscaping,111
/Arts & Entertainment/Comics & Animation/Anime & Manga,111
/Sports/Team Sports,108
/Health/Health Conditions,107
/Shopping/Apparel/Women's Clothing,107
/Business & Industrial/Business Services/E-Commerce Services,106
/Business & Industrial/Transportation & Logistics,104
/Health/Nutrition/Vitamins & Supplements,104
/Business & Industrial/Printing & Publishing,102
/Beauty & Fitness/Hair Care,100
/Reference/Directories & Listings/Business & Personal Listings,100
/Hobbies & Leisure/Water Activities/Boating,99
/Shopping/Tobacco Products,95
/Hobbies & Leisure/Crafts/Fiber & Textile Arts,95
/Finance/Investing/Currencies & Foreign Exchange,93
/Travel/Tourist Destinations,93
/Computers & Electronics/Computer Security,92
/Autos & Vehicles,91
/Home & Garden/Home Improvement/Construction & Power Tools,89
/Hobbies & Leisure/Outdoors/Fishing,87
/Business & Industrial/Business Operations,82
/Law & Government/Government,82
/Food & Drink/Restaurants,81
/Computers & Electronics/Electronics & Electrical,80
/Business & Industrial/Hospitality Industry/Food Service,79
/Food & Drink/Food,79
/Beauty & Fitness/Face & Body Care/Make-Up & Cosmetics,79
/Beauty & Fitness/Fashion & Style,78
/Beauty & Fitness/Face & Body Care/Skin & Nail Care,77
/Beauty & Fitness/Face & Body Care,77
/Sports/Team Sports/American Football,76
/Law & Government/Legal/Legal Services,76
/Reference/General Reference,74
/Games/Card Games/Poker & Casino Games,74
/Arts & Entertainment/Visual Art & Design/Photographic & Digital Arts,73
/Arts & Entertainment/Events & Listings,73
/Arts & Entertainment/Music & Audio/Rock Music,73
/Books & Literature/Writers Resources,72
/Finance/Investing,71
/Real Estate/Real Estate Listings/Residential Sales,71
/Reference,71
/Home & Garden/Home & Interior Decor,70
/Computers & Electronics/Software/Business & Productivity Software,70
/Hobbies & Leisure/Outdoors/Hiking & Camping,70
/Beauty & Fitness/Fitness,70
/Beauty & Fitness,69
/Jobs & Education/Education/Standardized & Admissions Tests,69
/Health/Medical Devices & Equipment,69
/Shopping/Gifts & Special Event Items/Flowers,68
/Sports/Sporting Goods,67
/Shopping/Consumer Resources/Coupons & Discount Offers,66
/Law & Government/Public Safety/Security Products & Services,65
/Home & Garden/Home Improvement,65
/Arts & Entertainment/TV & Video/TV Shows & Programs,64
/Business & Industrial/Agriculture & Forestry,64
/Home & Garden/Home Furnishings/Lamps & Lighting,64
/Law & Government/Military,63
/Real Estate/Real Estate Listings,62
/Health/Medical Facilities & Services,59
/Books & Literature/Poetry,59
/Sports/Team Sports/Soccer,59
/Computers & Electronics/Computer Hardware/Laptops & Notebooks,58
/Travel/Air Travel,57
/Law & Government/Public Safety,56
/Arts & Entertainment/Music & Audio/Radio,55
/Health/Oral & Dental Care,55
/Jobs & Education/Education/Primary & Secondary Schooling (K-12),54
/Food & Drink/Food & Grocery Retailers,54
/Hobbies & Leisure/Radio Control & Modeling,53
/Arts & Entertainment/TV & Video/Online Video,53
/Law & Government/Legal,53
/Hobbies & Leisure/Special Occasions/Weddings,52
/People & Society/Social Issues & Advocacy,52
/Computers & Electronics/Enterprise Technology,51
/Home & Garden/Yard & Patio,51
/Computers & Electronics/Programming,51
/Business & Industrial/Energy & Utilities,51
/Science/Biological Sciences,50
/Autos & Vehicles/Motor Vehicles (By Type),49
/Law & Government,49
/Finance/Insurance,48
/Finance,48
/Home & Garden/Domestic Services/Cleaning Services,48
/Shopping/Gifts & Special Event Items,47
/Travel/Hotels & Accommodations,47
/Real Estate/Real Estate Services,47
/Arts & Entertainment/Performing Arts,46
/Arts & Entertainment/Visual Art & Design/Design,46
/Shopping/Apparel/Casual Apparel,46
/Business & Industrial/Transportation & Logistics/Mail & Package Delivery,46
/Internet & Telecom/Mobile & Wireless/Mobile Apps & Add-Ons,45
/Finance/Banking,45
/Arts & Entertainment/Online Media/Online Image Galleries,45
/Sports/Motor Sports,44
/Computers & Electronics/Networking,43
/Computers & Electronics/Electronics & Electrical/Electronic Components,43
/Autos & Vehicles/Vehicle Parts & Services,43
/Sports/Individual Sports/Golf,43
/Arts & Entertainment/Humor,42
/Arts & Entertainment/Visual Art & Design/Architecture,42
/Sports/Individual Sports/Cycling,42
/Health/Nutrition,42
/Business & Industrial/Pharmaceuticals & Biotech,41
/People & Society/Social Issues & Advocacy/Charity & Philanthropy,41
/Hobbies & Leisure/Water Activities/Surf & Swim,41
/Autos & Vehicles/Vehicle Shopping,41
/Arts & Entertainment/Comics & Animation/Comics,40
/Business & Industrial/Chemicals Industry,40
/Autos & Vehicles/Campers & RVs,40
/Beauty & Fitness/Face & Body Care/Perfumes & Fragrances,40
/Home & Garden/Kitchen & Dining/Cookware & Diningware,40
/Autos & Vehicles/Vehicle Parts & Services/Vehicle Repair & Maintenance,39
/Sports/Individual Sports,39
/News/Weather,39
/Home & Garden/Home Improvement/Plumbing,38
/Internet & Telecom/Mobile & Wireless/Mobile Phones,38
/Science/Engineering & Technology,38
/Computers & Electronics/Software/Multimedia Software,38
/People & Society/Social Issues & Advocacy/Green Living & Environmental Issues,37
/Arts & Entertainment/Visual Art & Design/Painting,37
/Computers & Electronics/Consumer Electronics/Audio Equipment,37
/Finance/Credit & Lending/Loans,37
/Law & Government/Government/Visa & Immigration,37
/Health/Pharmacy/Drugs & Medications,36
/Sports/Combat Sports,36
/Business & Industrial/Agriculture & Forestry/Agricultural Equipment,36
/Shopping/Apparel/Costumes,36
/Real Estate,36
/Business & Industrial/Construction & Maintenance,36
/Science/Computer Science,36
/Arts & Entertainment/Music & Audio/Urban & Hip-Hop,36
/Computers & Electronics/Computer Hardware/Desktop Computers,35
/Internet & Telecom/Mobile & Wireless/Mobile & Wireless Accessories,35
/Business & Industrial/Metals & Mining,35
/Jobs & Education,35
/People & Society/Family & Relationships,34
/Home & Garden/Kitchen & Dining,33
/Online Communities/Online Goodies,33
/Jobs & Education/Education/Teaching & Classroom Resources,32
/Shopping/Antiques & Collectibles,32
/Business & Industrial/Transportation & Logistics/Packaging,32
/Games/Board Games,32
/Shopping/Consumer Resources,31
/Home & Garden/Bed & Bath,31
/Online Communities/Dating & Personals,30
/News/Sports News,30
/Shopping/Apparel/Athletic Apparel,30
/Travel/Car Rental & Taxi Services,30
/Health/Reproductive Health,30
/Business & Industrial/Industrial Materials & Equipment/Heavy Machinery,30
/Sports/Team Sports/Baseball,30
/Home & Garden/Bed & Bath/Bathroom,30
/Reference/Language Resources,29
/Shopping/Photo & Video Services,29
/Business & Industrial/Transportation & Logistics/Moving & Relocation,29
/Home & Garden/Pest Control,29
/Autos & Vehicles/Bicycles & Accessories,29
/Reference/Libraries & Museums,29
/Online Communities/Social Networks,29
/Internet & Telecom/Service Providers,28
/Jobs & Education/Education/Distance Learning,28
/Sports/Individual Sports/Racquet Sports,27
/Arts & Entertainment/Music & Audio/World Music,27
/Travel/Tourist Destinations/Theme Parks,27
/Sports/Team Sports/Basketball,27
/Sports/Combat Sports/Martial Arts,27
/Reference/Geographic Reference/Maps,26
/Computers & Electronics/Electronics & Electrical/Power Supplies,26
/Finance/Accounting & Auditing,26
/Shopping/Apparel/Eyewear,26
/Travel/Tourist Destinations/Beaches & Islands,25
/Computers & Electronics/Consumer Electronics/TV & Video Equipment,25
/Games/Roleplaying Games,25
/Autos & Vehicles/Motor Vehicles (By Type)/Off-Road Vehicles,24
/Home & Garden/Home Furnishings/Living Room Furniture,24
"/Home & Garden/Home Swimming Pools, Saunas & Spas",24
/Autos & Vehicles/Vehicle Shopping/Used Vehicles,24
/Health/Pharmacy,24
/Health/Medical Facilities & Services/Hospitals & Treatment Centers,24
/Sports/Extreme Sports,24
/Beauty & Fitness/Weight Loss,23
/Shopping/Apparel/Men's Clothing,23
/Business & Industrial/Small Business/MLM & Business Opportunities,23
/Business & Industrial/Manufacturing,23
/Reference/Language Resources/Foreign Language Resources,23
/Pets & Animals/Pets,23
/Science/Astronomy,22
/Arts & Entertainment/TV & Video,22
/Shopping/Apparel/Children's Clothing,22
/Reference/Humanities/History,21
/Finance/Accounting & Auditing/Tax Preparation & Planning,21
/Shopping/Mass Merchants & Department Stores,21
/Home & Garden/Home Improvement/Flooring,21
/Hobbies & Leisure/Water Activities,20
/Travel/Bus & Rail,20
/Arts & Entertainment/Music & Audio/Dance & Electronic Music,19
/Food & Drink/Beverages,19
/Autos & Vehicles/Motor Vehicles (By Type)/Trucks & SUVs,19
/Food & Drink/Beverages/Coffee & Tea,19
/Home & Garden/HVAC & Climate Control,19
/Business & Industrial/Textiles & Nonwovens,19
/Books & Literature/E-Books,19
/Health/Nursing,18
/Travel/Hotels & Accommodations/Vacation Rentals & Short-Term Stays,18
/Sports/Winter Sports,18
/Business & Industrial/Energy & Utilities/Renewable & Alternative Energy,18
/Health/Public Health,17
/Internet & Telecom/Email & Messaging,17
/Arts & Entertainment/Music & Audio/Music Reference,17
/Computers & Electronics/Consumer Electronics/Camera & Photo Equipment,17
/Real Estate/Real Estate Listings/Residential Rentals,17
/Health/Health Conditions/Infectious Diseases,17
/Law & Government/Public Safety/Crime & Justice,17
/Business & Industrial/Energy & Utilities/Oil & Gas,17
/Health/Substance Abuse,17
/Sports/Team Sports/Rugby,17
/Shopping/Apparel/Undergarments,16
/Sports/Combat Sports/Boxing,16
/Shopping/Gifts & Special Event Items/Gifts,16
/Hobbies & Leisure/Special Occasions/Holidays & Seasonal Events,16
/Computers & Electronics/Computer Hardware/Computer Peripherals,15
/Pets & Animals,15
/Games/Gambling/Lottery,15
/Shopping/Consumer Resources/Product Reviews & Price Comparisons,15
/Food & Drink/Food/Baked Goods,14
/Computers & Electronics/Software/Operating Systems,14
/Business & Industrial/Retail Trade,14
/Beauty & Fitness/Body Art,14
"/Finance/Grants, Scholarships & Financial Aid",13
/Internet & Telecom/Communications Equipment,13
/Arts & Entertainment/Comics & Animation,12
/Games/Card Games/Collectible Card Games,12
/Arts & Entertainment/Fun & Trivia,12
/Food & Drink/Cooking & Recipes/Desserts,12
/Health/Nursing/Assisted Living & Long Term Care,12
/Science/Chemistry,12
/Food & Drink/Food/Candy & Sweets,12
/Reference/Humanities,11
/People & Society/Social Sciences,11
"/Finance/Grants, Scholarships & Financial Aid/Study Grants & Scholarships",11
/Shopping/Auctions,11
/Internet & Telecom/Mobile & Wireless,11
/Law & Government/Social Services,10
/Sports/Fantasy Sports,10
/Business & Industrial/Energy & Utilities/Electricity,10
/Business & Industrial/Chemicals Industry/Plastics & Polymers,10
/Arts & Entertainment/Entertainment Industry,9
/Science/Mathematics,9
/Health/Mental Health,9
/People & Society/Kids & Teens,9
/Science/Earth Sciences,9
/Finance/Credit & Lending,9
/Jobs & Education/Jobs,9
/Home & Garden/Home Improvement/House Painting & Finishing,9
/Games/Word Games,8
/Beauty & Fitness/Spas & Beauty Services,8
/Sports/College Sports,7
/Reference/General Reference/Time & Calendars,7
/Sports/Team Sports/Volleyball,7
/Home and Garden/Gardening,7
/Arts & Entertainment/Events & Listings/Concerts & Music Festivals,7
/Arts & Entertainment/Fun & Trivia/Fun Tests & Silly Surveys,7
/Computers Electronics and Technology/Social Media Networks,7
/Business & Industrial/Aerospace & Defense,7
/Games/Puzzles & Brainteasers,7
/Autos & Vehicles/Commercial Vehicles,7
/Games/Family-Oriented Games & Activities,6
/Beauty & Fitness/Cosmetic Procedures,6
/Health/Health Conditions/Cancer,6
/Games/Board Games/Chess & Abstract Strategy Games,6
/Travel/Tourist Destinations/Mountain & Ski Resorts,6
/Gambling/Bingo,5
/Games/Table Games,5
/Games/Board and Card Games,5
/Reference/General Reference/Public Records,5
/Business & Industrial/Transportation & Logistics/Parking,5
/Shopping/Gifts & Special Event Items/Cards & Greetings,5
/Online Communities/Photo & Video Sharing,5
/Law & Government/Public Safety/Emergency Services,5
/Arts & Entertainment/Humor/Funny Pictures & Videos,5
/Arts & Entertainment/Performing Arts/Acting & Theater,5
/Computers Electronics and Technology/Programming and Developer Software,5
/Jobs & Education/Education/Vocational & Continuing Education,5
/Games/Card Games,5
/Finance/Financial Planning & Management,5
/Hobbies & Leisure/Clubs & Organizations,4
/Sports/Golf,4
/Sports/Winter Sports/Skiing & Snowboarding,4
/Lifestyle/Jewelry and Luxury Products,4
/Beauty & Fitness/Face & Body Care/Unwanted Body & Facial Hair Removal,4
/Online Communities/Online Goodies/Clip Art & Animated GIFs,4
/Computers Electronics and Technology/Web Hosting and Domain Names,4
/Food and Drink/Vegetarian and Vegan,4
/Arts & Entertainment/Performing Arts/Dance,4
/People & Society/Social Sciences/Psychology,4
/Sports/Team Sports/Hockey,4
/Computers Electronics and Technology/Computer Security,4
/Games/Video Games Consoles and Accessories,4
/People & Society/Family & Relationships/Marriage,4
/Science and Education/Philosophy,4
/Business & Industrial/Agriculture & Forestry/Livestock,4
/Finance/Insurance/Health Insurance,4
/Online Communities/Virtual Worlds,4
/Finance/Credit & Lending/Credit Cards,4
/Sports/Team Sports/Cricket,4
/Reference/General Reference/Dictionaries & Encyclopedias,4
/Business & Industrial/Metals & Mining/Precious Metals,4
/Health/Substance Abuse/Smoking & Smoking Cessation,4
/Sports/Baseball,4
/Health/Health Conditions/Neurological Conditions,3
/Reference/Libraries & Museums/Museums,3
/Games/Computer & Video Games/Sports Games,3
/Sports/Tennis,3
/Sports/Other Sports,3
/Health/Dentist and Dental Services,3
/Law and Government/Law Enforcement and Protective Services,3
/Games/Puzzles and Brainteasers,3
/Gambling/Casinos,3
/Lifestyle/Fashion and Apparel,3
/Health/Health Education & Medical Training,3
/Arts & Entertainment/Visual Arts and Design,3
/Health/Health Conditions/Diabetes,3
/Community and Society/Dating and Relationships,3
/Computers Electronics and Technology/Other Computers Electronics and Technology,3
/Finance/Accounting and Auditing,3
/Arts & Entertainment/Streaming & Online TV,3
/Science/Earth Sciences/Geology,3
/Reference/General Reference/Calculators & Reference Tools,3
/Pets & Animals/Pets/Fish & Aquaria,3
/Games/Online Games,3
/Health/Aging & Geriatrics,3
/Science and Education/Astronomy,3
/Pets & Animals/Pets/Birds,3
/Pets & Animals/Animal Products & Services,3
/Business & Industrial/Hospitality Industry,3
/Computers Electronics and Technology/Graphics Multimedia and Web Design,3
/Business & Industrial/Advertising & Marketing,3
/Health/Vision Care,3
"/Online Communities/Online Goodies/Skins, Themes & Wallpapers",3
/Autos & Vehicles/Vehicle Codes & Driving Laws,3
/Hobbies and Leisure/Ancestry and Genealogy,2
/Science and Education/Grants Scholarships and Financial Aid,2
/Hobbies and Leisure/Photography,2
/People & Society/Seniors & Retirement,2
/Travel and Tourism/Air Travel,2
/Heavy Industry and Engineering/Construction and Maintenance,2
/Lifestyle/Other Lifestyle,2
/Computers Electronics and Technology/File Sharing and Hosting,2
/Health/Health Conditions/Sleep Disorders,2
/Reference Materials/Dictionaries and Encyclopedias,2
/Computers & Electronics/Computer Hardware/Computer Components,2
/Arts & Entertainment/Other Arts and Entertainment,2
/Autos & Vehicles/Vehicle Parts & Services/Gas Prices & Vehicle Fueling,2
/Health/Nutrition Diets and Fitness,2
/Lifestyle/Gifts and Flowers,2
/Community and Society/Faith and Beliefs,2
/Home and Garden/Interior Design,2
/Vehicles/Motorcycles,2
/Shopping/Toys/Stuffed Toys,2
/Heavy Industry and Engineering/Energy Industry,2
/Health/Mens Health,2
/Hobbies & Leisure/Clubs & Organizations/Youth Organizations & Resources,2
/Lifestyle/Weddings,2
/eCommerce & Shopping/Price Comparison,2
/Science and Education/Public Records and Directories,2
/Food & Drink/Beverages/Soft Drinks,2
/Food & Drink/Restaurants/Pizzerias,2
/Science/Mathematics/Statistics,2
/Travel/Cruises & Charters,2
/Jobs & Education/Jobs/Career Resources & Planning,2
/Health/Substance Abuse/Drug & Alcohol Treatment,2
/Sports/Combat Sports/Wrestling,2
/Sports/American Football,2
/Computers & Electronics/Consumer Electronics/GPS & Navigation,2
/Health/Men's Health,2
/Gambling/Poker,2
/Reference/Humanities/Philosophy,2
/Health/Women's Health,2
/Shopping/Toys/Die-cast & Toy Vehicles,2
/Health/Addictions,2
/Health/Health Conditions/Pain Management,2
/Arts & Entertainment/Animation and Comics,2
/Reference/General Reference/Forms Guides & Templates,2
/Food and Drink/Restaurants and Delivery,2
/Food & Drink/Restaurants/Fast Food,2
/Heavy Industry and Engineering/Waste Water and Environmental,2
/Sports/International Sports Competitions,2
/Hobbies and Leisure/Crafts,2
/Science/Scientific Institutions,2
/Vehicles/Boats,2
/Business and Consumer Services/Marketing and Advertising,2
/Arts & Entertainment/Offbeat,2
/Heavy Industry and Engineering/Architecture,2
/Hobbies and Leisure/Other Hobbies and Leisure,2
/Sports/Running,2
/Beauty & Fitness/Spas & Beauty Services/Massage Therapy,2
/Real Estate/Real Estate Listings/Commercial Properties,2
/Travel and Tourism/Ground Transportation,2
/Finance/Credit & Lending/Credit Reporting & Monitoring,1
/Shopping/Consumer Resources/Consumer Advocacy & Protection,1
/Sports/Team Sports/Australian Football,1
/People & Society/Kids & Teens/Children's Interests,1
/Computers & Electronics/Computer Hardware/Computer Drives & Storage,1
/Sports/Water Sports,1
/Internet & Telecom/Email & Messaging/Voice & Video Chat,1
/Business & Industrial/Aerospace & Defense/Space Technology,1
/Health/Health Conditions/Respiratory Conditions,1
/Health/Health Conditions/Skin Conditions,1
/Sports/Animal Sports,1
/Science and Education/Biology,1
/Jobs & Education/Education/Training & Certification,1
/Games/Board Games/Miniatures & Wargaming,1
/Health/Health Foundations & Medical Research,1
/Real Estate/Real Estate Listings/Lots & Land,1
/Health/Medical Facilities & Services/Doctors' Offices,1
/News/Health News,1
/People & Society/Social Issues & Advocacy/Poverty & Hunger,1
/Arts & Entertainment/Music & Audio/Pop Music,1
/Arts & Entertainment/Performing Arts/Circus,1
/Computers & Electronics/Computer Security/Hacking & Cracking,1
/eCommerce & Shopping/Coupons and Rebates,1
/Business & Industrial/Business Services/Corporate Events,1
/Internet & Telecom/Web Services/Affiliate Programs,1
/Arts & Entertainment/Events & Listings/Expos & Conventions,1
/Autos & Vehicles/Vehicle Codes & Driving Laws/Vehicle Licensing & Registration,1
/Autos & Vehicles/Boats & Watercraft,1
/Home & Garden/Home Furnishings/Curtains & Window Treatments,1
/Business & Industrial/Transportation & Logistics/Maritime Transport,1
/Business & Industrial/Business Services/Consulting,1
/Games/Computer & Video Games/Strategy Games,1
/Shopping/Luxury Goods,1
/Sports/Sports Coaching & Training,1
/People & Society/Social Issues & Advocacy/Human Rights & Liberties,1
/Health/Health Conditions/Endocrine Conditions,1
/Food & Drink/Food/Meat & Seafood,1
/Travel and Tourism/Transportation and Excursions,1
/Internet & Telecom/Service Providers/Cable & Satellite Providers,1
/Online Communities/File Sharing & Hosting,1
/Sports/Sporting Goods/Sports Memorabilia,1
/Food and Drink/Cooking and Recipes,1
/Arts & Entertainment/Entertainment Industry/Film & TV Industry,1
/Health/Health Conditions/Heart & Hypertension,1
/Health/Other Health,1
/Travel and Tourism/Other Travel and Tourism,1
/eCommerce & Shopping/Classifieds,1
/Jobs and Career/Jobs and Employment,1
/Games/Other Games,1
/Business and Consumer Services/Shipping and Logistics,1
/Arts & Entertainment/Performing Arts/Opera,1
/Finance/Other Finance,1
/Science and Education/Weather,1
/Reference Materials/Maps,1
/Hobbies and Leisure/Antiques and Collectibles,1
/Games/Computer & Video Games/Fighting Games,1
/Hobbies and Leisure/Models,1
/Vehicles/Makes and Models,1
/Computers & Electronics/Consumer Electronics/Drones & RC Aircraft,1
/Community and Society/Other Community and Society,1
/Community and Society/Decease,1
/Business & Industrial/Transportation & Logistics/Rail Transport,1
/Health/Alternative and Natural Medicine,1
/Games/Family-Oriented Games & Activities/Drawing & Coloring,1
/Travel and Tourism/Tourist Attractions,1
/Business and Consumer Services/Textiles,1
/Health/Mental Health/Depression,1
/Computers & Electronics/Software/Internet Software,1
/Hobbies & Leisure/Radio Control & Modeling/Model Trains & Railroads,1
/Law and Government/Immigration and Visas,1
/Science and Education/Libraries and Museums,1
/People & Society/Family & Relationships/Troubled Relationships,1
/Computers & Electronics/CAD & CAM,1
/Arts & Entertainment/Books and Literature,1
/Jobs and Career/Other Jobs and Career,1
/Finance/Banking Credit and Lending,1
/Business and Consumer Services/Digital Marketing,1
/Health/Nutrition/Special & Restricted Diets,1
/Vehicles/Aviation,1
/Heavy Industry and Engineering/Metals and Mining,1
/Sports/Rugby,1
/Business and Consumer Services/Real Estate,1
/Sports/Martial Arts,1
/Pets and Animals/Birds,1
/Heavy Industry and Engineering/Aerospace and Defense,1
/Science and Education/Business Training,1
/Health/Health Conditions and Concerns,1
/Computers Electronics and Technology/Search Engines,1
/Vehicles/Automotive Industry,1
/Law and Government/Government,1
/Community and Society/Philanthropy,1
/Books & Literature/Fan Fiction,1
/Reference/General Reference/Biographies & Quotations,1
/Home and Garden/Other Home and Garden,1
/Finance/Financial Planning and Management,1
/eCommerce & Shopping/Auctions,1
/Gambling/Other Gambling,1
/Science/Earth Sciences/Atmospheric Science,1
/Law and Government/Other Law and Government,1
/Community and Society/Holidays and Seasonal Events,1
/eCommerce & Shopping/Marketplace,1
/Science/Physics,1
/Sports/Boxing,1
/Finance/Investing/Stocks & Bonds,1
/Food & Drink/Restaurants/Restaurant Reviews & Reservations,1
/Reference/Geographic Reference,1
